name;email;tel;date;comp
Camilla;Duis.mi@dictummi.org;(295) 244-1470;Mon, 26th, 2017;Euismod Est Inc.
Grace;eget.dictum.placerat@etmalesuada.co.uk;(893) 805-3986;Sat, 10th, 2017;Urna Justo Ltd
Ezekiel;Vivamus.rhoncus@velvulputate.org;(570) 819-1215;Wed, 27th, 2017;Ac Incorporated
Neve;Lorem.ipsum@magna.co.uk;(898) 225-4635;Mon, 18th, 2017;Odio Institute
Griffith;in.molestie.tortor@Nullamfeugiatplacerat.co.uk;(770) 126-1966;Thu, 13th, 2017;Quisque Tincidunt Pede LLP
Macy;eget.laoreet.posuere@odiosagittis.edu;(658) 627-6536;Thu, 23rd, 2017;Inceptos Associates
Olympia;euismod.et@Quisque.co.uk;(680) 140-8866;Sat, 22nd, 2017;Enim Suspendisse Aliquet Corporation
Gary;In.scelerisque@Duiselementum.net;(491) 404-9268;Wed, 4th, 2017;Aliquet Magna A Associates
Hayfa;velit.Cras.lorem@sed.org;(281) 684-9382;Sun, 17th, 2019;Curabitur Institute
Lyle;vitae.sodales@Duis.net;(487) 316-2365;Thu, 26th, 2017;Eu Arcu Morbi Consulting
Kirk;tincidunt.tempus@Integertinciduntaliquam.ca;(259) 607-3727;Thu, 21st, 2017;Justo Eu Corporation
Jeremy;bibendum.Donec@sitamet.edu;(204) 193-0210;Fri, 3rd, 2018;Aliquet Metus Institute
Bianca;faucibus.id@felisadipiscing.edu;(241) 113-2594;Sat, 9th, 2017;Lobortis Ultrices Vivamus Institute
Xandra;dis.parturient@ametnullaDonec.net;(872) 161-1541;Wed, 18th, 2018;Etiam Laoreet Libero PC
Cherokee;Duis@dolor.ca;(637) 200-0796;Sat, 23rd, 2018;Diam Inc.
Alyssa;Duis.mi.enim@nuncIn.net;(828) 930-4263;Sun, 2nd, 2018;Et Libero Proin Corp.
Kyla;Fusce@cubilia.co.uk;(439) 131-4217;Sun, 6th, 2017;Lacus Vestibulum Lorem Company
Omar;sodales.nisi@Proinnisl.org;(854) 608-9284;Wed, 28th, 2018;Ridiculus Mus Associates
Leroy;turpis@euismodet.ca;(429) 344-8405;Wed, 22nd, 2017;In PC
Mufutau;ipsum.sodales@ridiculusmus.net;(483) 487-7924;Fri, 6th, 2018;At Egestas Inc.
Chandler;lacus.Quisque.imperdiet@magnisdisparturient.co.uk;(863) 317-4057;Sun, 19th, 2017;Fames Ac Incorporated
Edward;ut@Namacnulla.co.uk;(414) 496-2120;Wed, 9th, 2019;Tellus Inc.
Myles;ut.aliquam@vulputate.com;(192) 349-5625;Sun, 13th, 2018;Eu Metus In Industries
Jamal;fringilla.euismod.enim@dictumeleifend.co.uk;(587) 348-8286;Fri, 22nd, 2018;Vestibulum Company
Conan;interdum.Sed.auctor@nuncInat.org;(815) 389-5591;Sat, 22nd, 2017;A Feugiat Tellus Company
Quail;a.ultricies@elit.net;(478) 346-4245;Sun, 24th, 2019;Fringilla Limited
Kiara;gravida@arcuSed.co.uk;(320) 951-4623;Fri, 7th, 2018;Donec Dignissim Company
Colt;nec.orci.Donec@doloregestas.edu;(629) 662-6506;Sun, 19th, 2017;Tincidunt Nunc Ltd
Brielle;Cras@ut.edu;(161) 463-7505;Sun, 13th, 2017;Nulla Vulputate Inc.
Bo;sit.amet@nisiAenean.ca;(278) 589-0826;Wed, 11th, 2018;Est Vitae Sodales Limited
Yoko;Praesent.eu.nulla@Inornare.co.uk;(208) 930-3309;Sat, 14th, 2017;Molestie Sodales Mauris Corp.
Orson;lacus.Mauris.non@nulla.net;(719) 329-2520;Mon, 18th, 2018;Ligula Company
Ria;tempus.risus@tristiquesenectuset.edu;(146) 197-4689;Wed, 14th, 2017;Urna Justo LLC
Oscar;eu.tellus.Phasellus@ante.co.uk;(872) 626-5466;Thu, 19th, 2017;Nec Tempus Incorporated
Alexandra;Cras@egetmagna.edu;(841) 999-9945;Fri, 12th, 2017;Libero Corporation
Britanni;tincidunt.dui@erat.co.uk;(593) 369-6920;Mon, 21st, 2019;Donec Nibh Quisque Associates
Adena;per.conubia@penatibusetmagnis.ca;(120) 752-3037;Sat, 25th, 2018;Augue Scelerisque Associates
Ocean;rutrum.lorem@orci.net;(193) 623-1611;Sat, 22nd, 2018;A Incorporated
Dylan;Ut@sociisnatoque.ca;(282) 232-9531;Mon, 6th, 2018;Congue Turpis Institute
Madeson;facilisis.vitae.orci@vel.co.uk;(410) 929-0181;Thu, 11th, 2017;Vitae Posuere At Corp.
Duncan;amet.lorem.semper@consequatauctornunc.com;(151) 809-3391;Mon, 28th, 2019;Adipiscing Elit Limited
Amal;consectetuer.mauris.id@sapienCras.org;(701) 193-7980;Fri, 5th, 2017;Faucibus Orci LLC
Kendall;luctus.aliquet@loremsemper.edu;(927) 245-3362;Wed, 27th, 2018;Vitae Aliquet Nec Corporation
Noelle;lorem.auctor@eleifend.com;(561) 134-1382;Tue, 4th, 2017;Dis Parturient Montes Consulting
Malik;eleifend.egestas@Duis.net;(619) 164-1950;Sun, 23rd, 2018;Vulputate Incorporated
Astra;non.enim.Mauris@sapien.org;(161) 704-3723;Mon, 22nd, 2018;Malesuada Inc.
Dalton;vitae.aliquet@liberoettristique.net;(769) 454-3360;Sat, 9th, 2019;Faucibus Foundation
Emi;amet.diam@necurnasuscipit.net;(105) 620-0389;Mon, 6th, 2018;Dictum Magna Ut Limited
Deanna;dolor.Fusce.feugiat@semmolestiesodales.org;(715) 964-5323;Thu, 13th, 2017;Dui Lectus Rutrum Corporation
Cedric;egestas.hendrerit.neque@ligulaelitpretium.com;(881) 800-8232;Tue, 5th, 2017;Duis Mi LLC
Murphy;nascetur@euneque.net;(944) 632-1439;Mon, 9th, 2017;Orci Ut Foundation
Steel;lorem.lorem.luctus@ami.org;(858) 922-2629;Thu, 28th, 2017;Tristique LLC
Freya;nec.imperdiet@amet.co.uk;(675) 440-8306;Wed, 6th, 2017;Non Vestibulum Nec LLP
Silas;aliquet@gravida.co.uk;(425) 968-3873;Fri, 3rd, 2018;Vitae Posuere At Consulting
Maia;at.lacus@pedenonummy.edu;(732) 196-4381;Fri, 25th, 2019;Et Foundation
Brynn;ullamcorper.Duis.cursus@pede.edu;(506) 397-8039;Sun, 23rd, 2017;Cum Inc.
Britanney;velit.Sed.malesuada@Proinultrices.net;(843) 959-7277;Fri, 30th, 2018;Felis Ullamcorper Viverra LLP
Kelly;Quisque.libero.lacus@felis.edu;(805) 968-8105;Wed, 14th, 2017;Pede Ac Limited
Savannah;sagittis@blanditcongue.co.uk;(135) 639-9562;Fri, 15th, 2018;Justo Proin Company
Barry;justo.sit.amet@Duisgravida.ca;(826) 757-1073;Sun, 25th, 2017;Morbi Ltd
Alexander;vitae.aliquet.nec@lectusjusto.com;(395) 655-1173;Sat, 27th, 2018;Sed Associates
Violet;vulputate.mauris@convalliserat.ca;(353) 542-3989;Fri, 8th, 2017;Adipiscing Lobortis Ltd
Paloma;ante.blandit.viverra@dolor.net;(309) 977-4243;Mon, 19th, 2018;Nunc Ac Incorporated
Jasmine;pede@tellusnon.co.uk;(301) 315-4617;Sun, 11th, 2018;Mi Tempor Inc.
Luke;sit@Duis.com;(257) 204-6556;Fri, 9th, 2018;Magnis Dis Parturient Ltd
Paki;nulla.magna@vestibulumnequesed.net;(977) 815-8411;Sun, 3rd, 2019;Vel Company
Lila;dictum@diam.co.uk;(138) 609-7920;Sun, 14th, 2018;Sed Dolor Fusce Consulting
Slade;vulputate@vitae.org;(705) 647-8733;Mon, 7th, 2019;Donec Company
Michael;Aenean.egestas.hendrerit@laoreet.org;(506) 468-5796;Tue, 19th, 2019;Gravida Sit Amet Company
Thaddeus;non.justo.Proin@ornareFuscemollis.co.uk;(315) 641-1650;Mon, 18th, 2017;Magna Institute
Keefe;sem.semper.erat@pharetraut.org;(593) 405-2581;Thu, 23rd, 2017;Mauris Foundation
Robert;accumsan.interdum@Maecenasmalesuada.co.uk;(788) 358-8874;Fri, 17th, 2017;Nunc Sollicitudin Corp.
Ariana;auctor.nunc.nulla@Nulla.co.uk;(296) 146-2445;Sat, 12th, 2018;Sem Vitae Aliquam Corporation
Kelsie;rhoncus.id@nasceturridiculus.com;(539) 227-7034;Mon, 1st, 2017;Mattis Integer LLC
Brendan;mauris@Quisquepurussapien.com;(999) 323-7331;Thu, 4th, 2017;Quam Pellentesque Incorporated
Aimee;et.pede@semper.net;(776) 851-2237;Sun, 8th, 2018;Vehicula Associates
Selma;In.nec.orci@mipede.edu;(575) 172-8962;Sun, 2nd, 2017;Nulla Tincidunt Neque Limited
Donna;mi.Duis.risus@arcuvel.com;(948) 718-9061;Sat, 26th, 2018;Amet Faucibus Ltd
Samantha;Cum.sociis.natoque@vitaesemperegestas.net;(788) 527-4900;Tue, 2nd, 2018;Pharetra Nibh LLP
Jelani;ipsum.porta.elit@fermentumvelmauris.co.uk;(946) 689-3512;Sun, 22nd, 2018;Et Pede Nunc Institute
Tasha;ac.libero.nec@nonarcuVivamus.edu;(434) 202-5135;Wed, 17th, 2017;Per Inceptos Hymenaeos Limited
Caleb;risus@massaSuspendisseeleifend.co.uk;(652) 247-8749;Sun, 26th, 2018;Ipsum Dolor Foundation
Lani;ligula.Aliquam@Vivamusmolestiedapibus.edu;(749) 384-9370;Sun, 11th, 2017;Sed Industries
Kaseem;ullamcorper.eu@miac.net;(679) 722-9101;Tue, 20th, 2018;Auctor Company
Whilemina;pharetra.sed@euaugueporttitor.ca;(985) 236-4018;Tue, 22nd, 2018;Interdum LLP
TaShya;parturient.montes.nascetur@enim.co.uk;(327) 334-7093;Sat, 28th, 2017;Ipsum Corp.
Cally;ullamcorper.Duis@euismodac.com;(184) 582-4168;Mon, 15th, 2018;Id Magna Associates
Bell;eget.nisi@Vivamusnonlorem.net;(968) 472-9249;Fri, 1st, 2019;Nulla In Tincidunt Institute
Carlos;eleifend@mollisInteger.org;(492) 898-0216;Mon, 30th, 2017;Vehicula Et Industries
Galena;vel@orci.com;(159) 479-0262;Thu, 22nd, 2018;Et Risus Quisque Corporation
Troy;pede.Nunc@velit.org;(916) 457-3924;Tue, 2nd, 2018;Lectus Corp.
Elmo;purus.in.molestie@necmollisvitae.edu;(674) 385-7038;Sun, 17th, 2017;Vel Arcu Curabitur LLC
Galvin;eleifend.nec.malesuada@velpedeblandit.net;(556) 126-5943;Fri, 15th, 2017;Nullam LLC
Gregory;rhoncus@in.org;(291) 932-8404;Fri, 14th, 2017;Mollis Dui Incorporated
Wylie;Maecenas.malesuada.fringilla@esttemporbibendum.edu;(256) 141-7721;Tue, 31st, 2017;Sed Eget Lacus Ltd
Jared;tempor.bibendum@placerat.net;(580) 127-5092;Fri, 12th, 2018;Leo Ltd
Sydnee;ullamcorper.velit.in@feugiattellus.ca;(710) 772-5838;Wed, 31st, 2017;Eleifend Nec LLP
Cecilia;Sed.malesuada.augue@Etiamimperdietdictum.edu;(932) 199-6554;Sun, 2nd, 2017;Nibh Phasellus Limited
Geraldine;Donec.egestas.Duis@acturpisegestas.org;(593) 305-3103;Mon, 24th, 2017;Tempor Est Foundation
Carson;semper@sitametconsectetuer.com;(118) 764-9032;Sat, 8th, 2017;Eu Limited
